File_Name,Page_Number,Row_Number,Has_Error
page_0014_object.csv,14,2,No
page_0014_object.csv,14,3,No
page_0014_object.csv,14,4,No
page_0014_object.csv,14,5,No
page_0014_object.csv,14,6,No
page_0014_object.csv,14,7,No
page_0014_object.csv,14,8,No
page_0014_object.csv,14,9,No
page_0014_object.csv,14,10,No
page_0014_object.csv,14,11,No
page_0014_object.csv,14,12,No
page_0014_object.csv,14,13,No
page_0014_object.csv,14,14,No
page_0014_object.csv,14,15,No
page_0014_object.csv,14,16,No
page_0014_object.csv,14,17,No
page_0014_object.csv,14,18,No
page_0015_object.csv,15,2,No
page_0015_object.csv,15,3,No
page_0015_object.csv,15,4,No
page_0015_object.csv,15,5,No
page_0015_object.csv,15,6,No
page_0015_object.csv,15,7,No
page_0015_object.csv,15,8,No
page_0015_object.csv,15,9,No
page_0015_object.csv,15,10,No
page_0015_object.csv,15,11,No
page_0015_object.csv,15,12,No
page_0016_object.csv,16,2,No
page_0016_object.csv,16,3,No
page_0016_object.csv,16,4,No
page_0016_object.csv,16,5,No
page_0016_object.csv,16,6,No
page_0016_object.csv,16,7,No
page_0017_object.csv,17,2,No
page_0017_object.csv,17,3,No
page_0017_object.csv,17,4,No
page_0017_object.csv,17,5,No
page_0017_object.csv,17,6,No
page_0017_object.csv,17,7,No
page_0017_object.csv,17,8,No
page_0017_object.csv,17,9,No
page_0017_object.csv,17,10,No
page_0017_object.csv,17,11,No
page_0017_object.csv,17,12,No
page_0017_object.csv,17,13,No
page_0017_object.csv,17,14,No
page_0017_object.csv,17,15,No
page_0017_object.csv,17,16,No
page_0018_object.csv,18,2,No
page_0018_object.csv,18,3,No
page_0018_object.csv,18,4,No
page_0018_object.csv,18,5,No
page_0018_object.csv,18,6,No
page_0018_object.csv,18,7,No
page_0018_object.csv,18,8,No
page_0018_object.csv,18,9,No
page_0018_object.csv,18,10,No
page_0018_object.csv,18,11,No
page_0018_object.csv,18,12,No
page_0018_object.csv,18,13,No
page_0018_object.csv,18,14,No
page_0018_object.csv,18,15,No
page_0018_object.csv,18,16,No
page_0019_object.csv,19,2,No
page_0019_object.csv,19,3,No
page_0019_object.csv,19,4,No
page_0019_object.csv,19,5,No
page_0019_object.csv,19,6,No
page_0019_object.csv,19,7,No
page_0019_object.csv,19,8,No
page_0019_object.csv,19,9,No
page_0019_object.csv,19,10,No
page_0019_object.csv,19,11,No
page_0019_object.csv,19,12,No
page_0019_object.csv,19,13,No
page_0019_object.csv,19,14,No
page_0019_object.csv,19,15,No
page_0019_object.csv,19,16,No
page_0019_object.csv,19,17,No
page_0019_object.csv,19,18,No
page_0019_object.csv,19,19,No
page_0019_object.csv,19,20,No
page_0019_object.csv,19,21,No
page_0019_object.csv,19,22,No
page_0019_object.csv,19,23,No
page_0020_object.csv,20,2,No
page_0020_object.csv,20,3,No
page_0020_object.csv,20,4,No
page_0020_object.csv,20,5,No
page_0020_object.csv,20,6,No
page_0020_object.csv,20,7,No
page_0020_object.csv,20,8,No
page_0020_object.csv,20,9,No
page_0020_object.csv,20,10,No
page_0020_object.csv,20,11,No
page_0020_object.csv,20,12,No
page_0020_object.csv,20,13,No
page_0020_object.csv,20,14,No
page_0020_object.csv,20,15,No
page_0020_object.csv,20,16,No
page_0020_object.csv,20,17,No
page_0020_object.csv,20,18,No
page_0020_object.csv,20,19,No
page_0020_object.csv,20,20,No
page_0020_object.csv,20,21,No
page_0020_object.csv,20,22,No
page_0020_object.csv,20,23,No
page_0020_object.csv,20,24,No
page_0020_object.csv,20,25,No
page_0020_object.csv,20,26,No
page_0020_object.csv,20,27,No
page_0021_object.csv,21,2,No
page_0021_object.csv,21,3,No
page_0021_object.csv,21,4,No
page_0021_object.csv,21,5,No
page_0021_object.csv,21,6,No
page_0021_object.csv,21,7,No
page_0021_object.csv,21,8,No
page_0021_object.csv,21,9,No
page_0021_object.csv,21,10,No
page_0021_object.csv,21,11,No
page_0021_object.csv,21,12,No
page_0021_object.csv,21,13,No
page_0021_object.csv,21,14,No
page_0021_object.csv,21,15,No
page_0021_object.csv,21,16,No
page_0021_object.csv,21,17,No
page_0021_object.csv,21,18,No
page_0022_object.csv,22,2,No
page_0022_object.csv,22,3,No
page_0022_object.csv,22,4,No
page_0022_object.csv,22,5,No
page_0022_object.csv,22,6,No
page_0022_object.csv,22,7,No
page_0022_object.csv,22,8,No
page_0023_object.csv,23,2,No
page_0023_object.csv,23,3,No
page_0023_object.csv,23,4,No
page_0023_object.csv,23,5,No
page_0023_object.csv,23,6,No
page_0024_object.csv,24,2,No
page_0024_object.csv,24,3,No
page_0024_object.csv,24,4,No
page_0024_object.csv,24,5,No
page_0024_object.csv,24,6,No
page_0024_object.csv,24,7,No
page_0024_object.csv,24,8,No
page_0024_object.csv,24,9,No
page_0025_object.csv,25,2,No
page_0025_object.csv,25,3,No
page_0025_object.csv,25,4,No
page_0025_object.csv,25,5,No
page_0025_object.csv,25,6,No
page_0025_object.csv,25,7,No
page_0025_object.csv,25,8,No
page_0025_object.csv,25,9,No
page_0025_object.csv,25,10,No
page_0025_object.csv,25,11,No
page_0025_object.csv,25,12,No
page_0025_object.csv,25,13,No
page_0025_object.csv,25,14,No
page_0025_object.csv,25,15,No
page_0025_object.csv,25,16,No
page_0025_object.csv,25,17,No
page_0025_object.csv,25,18,No
page_0025_object.csv,25,19,No
page_0025_object.csv,25,20,No
page_0025_object.csv,25,21,No
page_0025_object.csv,25,22,No
page_0025_object.csv,25,23,No
page_0025_object.csv,25,24,No
page_0025_object.csv,25,25,No
page_0026_object.csv,26,2,No
page_0026_object.csv,26,3,No
page_0026_object.csv,26,4,No
page_0026_object.csv,26,5,No
page_0026_object.csv,26,6,No
page_0026_object.csv,26,7,No
page_0026_object.csv,26,8,No
page_0026_object.csv,26,9,No
page_0026_object.csv,26,10,No
page_0026_object.csv,26,11,No
page_0026_object.csv,26,12,No
page_0026_object.csv,26,13,No
page_0026_object.csv,26,14,No
page_0026_object.csv,26,15,No
page_0026_object.csv,26,16,No
page_0026_object.csv,26,17,No
page_0026_object.csv,26,18,No
page_0026_object.csv,26,19,No
page_0026_object.csv,26,20,No
page_0026_object.csv,26,21,No
page_0026_object.csv,26,22,No
page_0027_object.csv,27,2,No
page_0027_object.csv,27,3,No
page_0027_object.csv,27,4,No
page_0027_object.csv,27,5,No
page_0028_object.csv,28,2,No
page_0028_object.csv,28,3,No
page_0028_object.csv,28,4,No
page_0028_object.csv,28,5,No
page_0028_object.csv,28,6,No
page_0028_object.csv,28,7,No
page_0028_object.csv,28,8,No
page_0028_object.csv,28,9,No
page_0028_object.csv,28,10,No
page_0028_object.csv,28,11,No
page_0029_object.csv,29,2,No
page_0029_object.csv,29,3,No
page_0029_object.csv,29,4,No
page_0029_object.csv,29,5,No
page_0029_object.csv,29,6,No
page_0030_object.csv,30,2,No
page_0030_object.csv,30,3,No
page_0030_object.csv,30,4,No
page_0030_object.csv,30,5,No
page_0030_object.csv,30,6,No
page_0031_object.csv,31,2,No
page_0031_object.csv,31,3,No
page_0031_object.csv,31,4,No
page_0031_object.csv,31,5,No
page_0031_object.csv,31,6,No
page_0031_object.csv,31,7,No
page_0031_object.csv,31,8,No
page_0031_object.csv,31,9,No
page_0031_object.csv,31,10,No
page_0031_object.csv,31,11,No
page_0031_object.csv,31,12,No
page_0031_object.csv,31,13,No
page_0031_object.csv,31,14,No
page_0031_object.csv,31,15,No
page_0031_object.csv,31,16,No
page_0031_object.csv,31,17,No
page_0031_object.csv,31,18,No
page_0031_object.csv,31,19,No
page_0031_object.csv,31,20,No
page_0031_object.csv,31,21,No
page_0031_object.csv,31,22,No
page_0031_object.csv,31,23,No
page_0031_object.csv,31,24,No
page_0032_object.csv,32,2,No
page_0032_object.csv,32,3,No
page_0032_object.csv,32,4,No
page_0032_object.csv,32,5,No
page_0032_object.csv,32,6,No
page_0032_object.csv,32,7,No
page_0032_object.csv,32,8,No
page_0032_object.csv,32,9,No
page_0032_object.csv,32,10,No
page_0032_object.csv,32,11,No
page_0032_object.csv,32,12,No
page_0032_object.csv,32,13,No
page_0032_object.csv,32,14,No
page_0032_object.csv,32,15,No
page_0032_object.csv,32,16,No
page_0032_object.csv,32,17,No
page_0032_object.csv,32,18,No
page_0032_object.csv,32,19,No
page_0032_object.csv,32,20,No
page_0032_object.csv,32,21,No
page_0032_object.csv,32,22,No
page_0032_object.csv,32,23,No
page_0032_object.csv,32,24,No
page_0033_object.csv,33,2,No
page_0033_object.csv,33,3,No
page_0033_object.csv,33,4,No
page_0033_object.csv,33,5,No
page_0033_object.csv,33,6,No
page_0033_object.csv,33,7,No
page_0033_object.csv,33,8,No
page_0033_object.csv,33,9,No
page_0033_object.csv,33,10,No
page_0033_object.csv,33,11,No
page_0033_object.csv,33,12,No
page_0033_object.csv,33,13,No
page_0033_object.csv,33,14,No
page_0033_object.csv,33,15,No
page_0033_object.csv,33,16,No
page_0033_object.csv,33,17,No
page_0033_object.csv,33,18,No
page_0033_object.csv,33,19,No
page_0033_object.csv,33,20,No
page_0033_object.csv,33,21,No
page_0033_object.csv,33,22,No
page_0033_object.csv,33,23,No
page_0033_object.csv,33,24,No
page_0033_object.csv,33,25,No
page_0034_object.csv,34,2,No
page_0034_object.csv,34,3,No
page_0034_object.csv,34,4,No
page_0034_object.csv,34,5,No
page_0034_object.csv,34,6,No
page_0034_object.csv,34,7,No
page_0034_object.csv,34,8,No
page_0034_object.csv,34,9,No
page_0035_object.csv,35,2,No
page_0035_object.csv,35,3,No
page_0035_object.csv,35,4,No
page_0035_object.csv,35,5,No
page_0035_object.csv,35,6,No
page_0035_object.csv,35,7,No
page_0036_object.csv,36,2,No
page_0036_object.csv,36,3,No
page_0036_object.csv,36,4,No
page_0036_object.csv,36,5,No
page_0036_object.csv,36,6,No
page_0037_object.csv,37,2,No
page_0037_object.csv,37,3,No
page_0037_object.csv,37,4,No
page_0037_object.csv,37,5,No
page_0037_object.csv,37,6,No
page_0037_object.csv,37,7,No
page_0038_object.csv,38,2,No
page_0038_object.csv,38,3,No
page_0038_object.csv,38,4,No
page_0038_object.csv,38,5,No
page_0038_object.csv,38,6,No
page_0039_object.csv,39,2,No
page_0039_object.csv,39,3,No
page_0039_object.csv,39,4,No
page_0039_object.csv,39,5,No
page_0039_object.csv,39,6,No
page_0040_object.csv,40,2,No
page_0040_object.csv,40,3,No
page_0040_object.csv,40,4,No
page_0040_object.csv,40,5,No
page_0040_object.csv,40,6,No
page_0040_object.csv,40,7,No
page_0040_object.csv,40,8,No
page_0040_object.csv,40,9,No
page_0040_object.csv,40,10,No
page_0040_object.csv,40,11,No
page_0040_object.csv,40,12,No
page_0040_object.csv,40,13,No
page_0040_object.csv,40,14,No
page_0040_object.csv,40,15,No
page_0040_object.csv,40,16,No
page_0040_object.csv,40,17,No
page_0040_object.csv,40,18,No
page_0040_object.csv,40,19,No
page_0040_object.csv,40,20,No
page_0040_object.csv,40,21,No
page_0040_object.csv,40,22,No
page_0041_object.csv,41,2,No
page_0041_object.csv,41,3,No
page_0041_object.csv,41,4,No
page_0041_object.csv,41,5,No
page_0041_object.csv,41,6,No
page_0041_object.csv,41,7,No
page_0041_object.csv,41,8,No
page_0041_object.csv,41,9,No
page_0041_object.csv,41,10,No
page_0041_object.csv,41,11,No
page_0041_object.csv,41,12,No
page_0041_object.csv,41,13,No
page_0041_object.csv,41,14,No
page_0041_object.csv,41,15,No
page_0041_object.csv,41,16,No
page_0041_object.csv,41,17,No
page_0041_object.csv,41,18,No
page_0041_object.csv,41,19,No
page_0041_object.csv,41,20,No
page_0042_object.csv,42,2,No
page_0042_object.csv,42,3,No
page_0042_object.csv,42,4,No
page_0042_object.csv,42,5,No
page_0042_object.csv,42,6,No
page_0042_object.csv,42,7,No
page_0042_object.csv,42,8,No
page_0042_object.csv,42,9,No
page_0042_object.csv,42,10,No
page_0042_object.csv,42,11,No
page_0042_object.csv,42,12,No
page_0042_object.csv,42,13,No
page_0042_object.csv,42,14,No
page_0042_object.csv,42,15,No
page_0042_object.csv,42,16,No
page_0042_object.csv,42,17,No
page_0042_object.csv,42,18,No
page_0042_object.csv,42,19,No
page_0042_object.csv,42,20,No
page_0043_object.csv,43,2,No
page_0043_object.csv,43,3,No
page_0043_object.csv,43,4,No
page_0043_object.csv,43,5,No
page_0043_object.csv,43,6,No
page_0043_object.csv,43,7,No
page_0043_object.csv,43,8,No
page_0043_object.csv,43,9,No
page_0043_object.csv,43,10,No
page_0043_object.csv,43,11,No
page_0043_object.csv,43,12,No
page_0043_object.csv,43,13,No
page_0043_object.csv,43,14,No
page_0043_object.csv,43,15,No
page_0043_object.csv,43,16,No
page_0043_object.csv,43,17,No
page_0043_object.csv,43,18,No
page_0043_object.csv,43,19,No
page_0043_object.csv,43,20,No
page_0043_object.csv,43,21,No
page_0043_object.csv,43,22,No
page_0043_object.csv,43,23,No
page_0043_object.csv,43,24,No
page_0043_object.csv,43,25,No
page_0043_object.csv,43,26,No
page_0043_object.csv,43,27,No
page_0043_object.csv,43,28,No
page_0043_object.csv,43,29,No
page_0043_object.csv,43,30,No
page_0044_object.csv,44,2,No
page_0044_object.csv,44,3,No
page_0044_object.csv,44,4,No
page_0044_object.csv,44,5,No
page_0044_object.csv,44,6,No
page_0044_object.csv,44,7,No
page_0044_object.csv,44,8,No
page_0044_object.csv,44,9,No
page_0044_object.csv,44,10,No
page_0044_object.csv,44,11,No
page_0044_object.csv,44,12,No
page_0044_object.csv,44,13,No
page_0044_object.csv,44,14,No
page_0044_object.csv,44,15,No
page_0044_object.csv,44,16,No
page_0044_object.csv,44,17,No
page_0044_object.csv,44,18,No
page_0044_object.csv,44,19,No
page_0044_object.csv,44,20,No
page_0044_object.csv,44,21,No
page_0044_object.csv,44,22,No
page_0044_object.csv,44,23,No
page_0044_object.csv,44,24,No
page_0044_object.csv,44,25,No
page_0044_object.csv,44,26,No
page_0044_object.csv,44,27,No
page_0044_object.csv,44,28,No
page_0044_object.csv,44,29,No
page_0044_object.csv,44,30,No
page_0045_object.csv,45,2,No
page_0045_object.csv,45,3,No
page_0045_object.csv,45,4,No
page_0045_object.csv,45,5,No
page_0045_object.csv,45,6,No
page_0045_object.csv,45,7,No
page_0045_object.csv,45,8,No
page_0045_object.csv,45,9,No
page_0045_object.csv,45,10,No
page_0045_object.csv,45,11,No
page_0045_object.csv,45,12,No
page_0045_object.csv,45,13,No
page_0046_object.csv,46,2,No
page_0046_object.csv,46,3,No
page_0046_object.csv,46,4,No
page_0046_object.csv,46,5,No
page_0046_object.csv,46,6,No
page_0046_object.csv,46,7,No
page_0046_object.csv,46,8,No
page_0047_object.csv,47,2,No
page_0047_object.csv,47,3,No
page_0047_object.csv,47,4,No
page_0047_object.csv,47,5,No
page_0047_object.csv,47,6,No
page_0047_object.csv,47,7,No
page_0047_object.csv,47,8,No
page_0047_object.csv,47,9,No
page_0048_object.csv,48,2,No
page_0048_object.csv,48,3,No
page_0048_object.csv,48,4,No
page_0048_object.csv,48,5,No
page_0048_object.csv,48,6,No
page_0048_object.csv,48,7,No
page_0048_object.csv,48,8,No
page_0048_object.csv,48,9,No
page_0048_object.csv,48,10,No
page_0048_object.csv,48,11,No
page_0048_object.csv,48,12,No
page_0048_object.csv,48,13,No
page_0048_object.csv,48,14,No
page_0048_object.csv,48,15,No
page_0048_object.csv,48,16,No
page_0048_object.csv,48,17,No
page_0048_object.csv,48,18,No
page_0048_object.csv,48,19,No
page_0048_object.csv,48,20,No
page_0048_object.csv,48,21,No
page_0048_object.csv,48,22,No
page_0048_object.csv,48,23,No
page_0048_object.csv,48,24,No
page_0048_object.csv,48,25,No
page_0048_object.csv,48,26,No
page_0049_object.csv,49,2,No
page_0049_object.csv,49,3,No
page_0049_object.csv,49,4,No
page_0049_object.csv,49,5,No
page_0049_object.csv,49,6,No
page_0049_object.csv,49,7,No
page_0049_object.csv,49,8,No
page_0049_object.csv,49,9,No
page_0049_object.csv,49,10,No
page_0049_object.csv,49,11,No
page_0049_object.csv,49,12,No
page_0049_object.csv,49,13,No
page_0049_object.csv,49,14,No
page_0049_object.csv,49,15,No
page_0049_object.csv,49,16,No
page_0049_object.csv,49,17,No
page_0049_object.csv,49,18,No
page_0050_object.csv,50,2,No
page_0050_object.csv,50,3,No
page_0050_object.csv,50,4,No
page_0050_object.csv,50,5,No
page_0051_object.csv,51,2,No
page_0051_object.csv,51,3,No
page_0051_object.csv,51,4,No
page_0051_object.csv,51,5,No
page_0051_object.csv,51,6,No
page_0051_object.csv,51,7,No
page_0051_object.csv,51,8,No
page_0051_object.csv,51,9,No
page_0051_object.csv,51,10,No
page_0051_object.csv,51,11,No
page_0051_object.csv,51,12,No
page_0051_object.csv,51,13,No
page_0051_object.csv,51,14,No
page_0051_object.csv,51,15,No
page_0051_object.csv,51,16,No
page_0051_object.csv,51,17,No
page_0051_object.csv,51,18,No
page_0051_object.csv,51,19,No
page_0051_object.csv,51,20,No
page_0052_object.csv,52,2,No
page_0052_object.csv,52,3,No
page_0052_object.csv,52,4,No
page_0052_object.csv,52,5,No
page_0052_object.csv,52,6,No
page_0052_object.csv,52,7,No
page_0052_object.csv,52,8,No
page_0052_object.csv,52,9,No
page_0052_object.csv,52,10,No
page_0052_object.csv,52,11,No
page_0052_object.csv,52,12,No
page_0052_object.csv,52,13,No
page_0052_object.csv,52,14,No
page_0052_object.csv,52,15,No
page_0052_object.csv,52,16,No
page_0052_object.csv,52,17,No
page_0053_object.csv,53,2,No
page_0053_object.csv,53,3,No
page_0053_object.csv,53,4,No
page_0053_object.csv,53,5,No
page_0053_object.csv,53,6,No
page_0053_object.csv,53,7,No
page_0053_object.csv,53,8,No
page_0053_object.csv,53,9,No
page_0053_object.csv,53,10,No
page_0053_object.csv,53,11,No
page_0053_object.csv,53,12,No
page_0053_object.csv,53,13,No
page_0053_object.csv,53,14,No
page_0054_object.csv,54,2,No
page_0054_object.csv,54,3,No
page_0054_object.csv,54,4,No
page_0054_object.csv,54,5,No
page_0054_object.csv,54,6,No
page_0054_object.csv,54,7,No
page_0054_object.csv,54,8,No
page_0054_object.csv,54,9,No
page_0054_object.csv,54,10,No
page_0054_object.csv,54,11,No
page_0054_object.csv,54,12,No
page_0054_object.csv,54,13,No
page_0054_object.csv,54,14,No
page_0054_object.csv,54,15,No
page_0054_object.csv,54,16,No
page_0054_object.csv,54,17,No
page_0054_object.csv,54,18,No
page_0054_object.csv,54,19,No
page_0054_object.csv,54,20,No
page_0054_object.csv,54,21,No
page_0054_object.csv,54,22,No
page_0054_object.csv,54,23,No
page_0054_object.csv,54,24,No
page_0054_object.csv,54,25,No
page_0054_object.csv,54,26,No
page_0054_object.csv,54,27,No
page_0054_object.csv,54,28,No
page_0054_object.csv,54,29,No
page_0054_object.csv,54,30,No
page_0054_object.csv,54,31,No
page_0055_object.csv,55,2,No
page_0055_object.csv,55,3,No
page_0055_object.csv,55,4,No
page_0055_object.csv,55,5,No
page_0055_object.csv,55,6,No
page_0055_object.csv,55,7,No
page_0055_object.csv,55,8,No
page_0055_object.csv,55,9,No
page_0056_object.csv,56,2,No
page_0056_object.csv,56,3,No
page_0056_object.csv,56,4,No
page_0056_object.csv,56,5,No
page_0056_object.csv,56,6,No
page_0056_object.csv,56,7,No
page_0056_object.csv,56,8,No
page_0056_object.csv,56,9,No
page_0056_object.csv,56,10,No
page_0056_object.csv,56,11,No
page_0056_object.csv,56,12,No
page_0056_object.csv,56,13,No
page_0056_object.csv,56,14,No
page_0056_object.csv,56,15,No
page_0056_object.csv,56,16,No
page_0056_object.csv,56,17,No
page_0056_object.csv,56,18,No
page_0056_object.csv,56,19,No
page_0056_object.csv,56,20,No
page_0056_object.csv,56,21,No
page_0056_object.csv,56,22,No
page_0056_object.csv,56,23,No
page_0056_object.csv,56,24,No
page_0056_object.csv,56,25,No
page_0057_object.csv,57,2,No
page_0057_object.csv,57,3,No
page_0057_object.csv,57,4,No
page_0057_object.csv,57,5,No
page_0057_object.csv,57,6,No
page_0057_object.csv,57,7,No
page_0057_object.csv,57,8,No
page_0057_object.csv,57,9,No
page_0057_object.csv,57,10,No
page_0057_object.csv,57,11,No
page_0057_object.csv,57,12,No
page_0057_object.csv,57,13,No
page_0057_object.csv,57,14,No
page_0057_object.csv,57,15,No
page_0057_object.csv,57,16,No
page_0057_object.csv,57,17,No
page_0057_object.csv,57,18,No
page_0057_object.csv,57,19,No
page_0057_object.csv,57,20,No
page_0057_object.csv,57,21,No
page_0057_object.csv,57,22,No
page_0057_object.csv,57,23,No
page_0057_object.csv,57,24,No
page_0057_object.csv,57,25,No
page_0057_object.csv,57,26,No
page_0057_object.csv,57,27,No
page_0057_object.csv,57,28,No
page_0057_object.csv,57,29,No
page_0058_object.csv,58,2,No
page_0058_object.csv,58,3,No
page_0058_object.csv,58,4,No
page_0058_object.csv,58,5,No
page_0058_object.csv,58,6,No
page_0058_object.csv,58,7,No
page_0058_object.csv,58,8,No
page_0058_object.csv,58,9,No
page_0058_object.csv,58,10,No
page_0058_object.csv,58,11,No
page_0058_object.csv,58,12,No
page_0058_object.csv,58,13,No
page_0058_object.csv,58,14,No
page_0058_object.csv,58,15,No
page_0058_object.csv,58,16,No
page_0058_object.csv,58,17,No
page_0058_object.csv,58,18,No
page_0059_object.csv,59,2,No
page_0059_object.csv,59,3,No
page_0059_object.csv,59,4,No
page_0059_object.csv,59,5,No
page_0059_object.csv,59,6,No
page_0059_object.csv,59,7,No
page_0059_object.csv,59,8,No
page_0059_object.csv,59,9,No
page_0059_object.csv,59,10,No
page_0059_object.csv,59,11,No
page_0059_object.csv,59,12,No
page_0059_object.csv,59,13,No
page_0059_object.csv,59,14,No
page_0059_object.csv,59,15,No
page_0059_object.csv,59,16,No
page_0059_object.csv,59,17,No
page_0059_object.csv,59,18,No
page_0059_object.csv,59,19,No
page_0059_object.csv,59,20,No
page_0059_object.csv,59,21,No
page_0059_object.csv,59,22,No
page_0059_object.csv,59,23,No
page_0059_object.csv,59,24,No
page_0059_object.csv,59,25,No
page_0059_object.csv,59,26,No
page_0059_object.csv,59,27,No
page_0060_object.csv,60,2,No
page_0060_object.csv,60,3,No
page_0060_object.csv,60,4,No
page_0060_object.csv,60,5,No
page_0060_object.csv,60,6,No
page_0060_object.csv,60,7,No
page_0060_object.csv,60,8,No
page_0060_object.csv,60,9,No
page_0060_object.csv,60,10,No
page_0060_object.csv,60,11,No
page_0060_object.csv,60,12,No
page_0060_object.csv,60,13,No
page_0060_object.csv,60,14,No
page_0060_object.csv,60,15,No
page_0060_object.csv,60,16,No
page_0060_object.csv,60,17,No
page_0060_object.csv,60,18,No
page_0060_object.csv,60,19,No
page_0060_object.csv,60,20,No
page_0060_object.csv,60,21,No
page_0060_object.csv,60,22,No
page_0060_object.csv,60,23,No
page_0060_object.csv,60,24,No
page_0060_object.csv,60,25,No
page_0060_object.csv,60,26,No
page_0060_object.csv,60,27,No
page_0061_object.csv,61,2,No
page_0061_object.csv,61,3,No
page_0061_object.csv,61,4,No
page_0061_object.csv,61,5,No
page_0061_object.csv,61,6,No
page_0061_object.csv,61,7,No
page_0061_object.csv,61,8,No
page_0061_object.csv,61,9,No
page_0061_object.csv,61,10,No
page_0061_object.csv,61,11,No
page_0061_object.csv,61,12,No
page_0061_object.csv,61,13,No
page_0061_object.csv,61,14,No
page_0061_object.csv,61,15,No
page_0061_object.csv,61,16,No
page_0061_object.csv,61,17,No
page_0061_object.csv,61,18,No
page_0061_object.csv,61,19,No
page_0061_object.csv,61,20,No
page_0061_object.csv,61,21,No
page_0061_object.csv,61,22,No
page_0061_object.csv,61,23,No
page_0062_object.csv,62,2,No
page_0062_object.csv,62,3,No
page_0062_object.csv,62,4,No
page_0062_object.csv,62,5,No
page_0063_object.csv,63,2,No
page_0063_object.csv,63,3,No
page_0063_object.csv,63,4,No
page_0063_object.csv,63,5,No
page_0064_object.csv,64,2,No
page_0064_object.csv,64,3,No
page_0064_object.csv,64,4,No
page_0064_object.csv,64,5,No
page_0064_object.csv,64,6,No
page_0064_object.csv,64,7,No
page_0064_object.csv,64,8,No
page_0065_object.csv,65,2,No
page_0065_object.csv,65,3,No
page_0065_object.csv,65,4,No
page_0065_object.csv,65,5,No
page_0065_object.csv,65,6,No
page_0065_object.csv,65,7,No
page_0065_object.csv,65,8,No
page_0065_object.csv,65,9,No
page_0065_object.csv,65,10,No
page_0065_object.csv,65,11,No
page_0065_object.csv,65,12,No
page_0065_object.csv,65,13,No
page_0065_object.csv,65,14,No
page_0065_object.csv,65,15,No
page_0065_object.csv,65,16,No
page_0065_object.csv,65,17,No
page_0066_object.csv,66,2,No
page_0066_object.csv,66,3,No
page_0066_object.csv,66,4,No
page_0066_object.csv,66,5,No
page_0066_object.csv,66,6,No
page_0066_object.csv,66,7,No
page_0066_object.csv,66,8,No
page_0066_object.csv,66,9,No
page_0066_object.csv,66,10,No
page_0066_object.csv,66,11,No
page_0066_object.csv,66,12,No
page_0066_object.csv,66,13,No
page_0066_object.csv,66,14,No
page_0066_object.csv,66,15,No
page_0066_object.csv,66,16,No
page_0066_object.csv,66,17,No
page_0066_object.csv,66,18,No
page_0066_object.csv,66,19,No
